PlayerId,PlayerName
0,???
1,Tastet Marc
3,Feldborg Karsten
4,Andriani Bintsa
5,Shaman David
6,Murakami Takeshi
7,Juhem Philippe
8,Thor (quin/becquet)
9,Vallund Henrik
12,Jensen Erik Lund
13,Caspard Emmanuel
14,Lazard Emmanuel
15,Nicolet Stephane
16,Logistello (buro)
17,Ralle Paul
18,Vallund Torben
20,Brightwell Graham
22,Leader Imre
24,Takizawa Masaki
25,Feinstein Joel
26,Cordy Alexandre
27,Berner Nils
28,Marconi Francesco
29,Rose Brian
30,Puget Jean-Francois
31,Balder (quin)
32,de la Boisserie Bru
37,Johnson Greg
38,Aas Vidar
39,Barnaba Donato
40,de Grey Aubrey
42,Nakajima Tetsuya
44,Kaneda Shigeru
46,Di Meglio Fabrice
50,Liang Yi
51,Kierulf Anders
55,Suekuni Makoto
58,Melnikov Aleksandr
59,Nielsen Erik
60,Collay Frederic
61,Betin Dominique
63,Tamenori Hideshi
67,Cali Elie
68,Poirier Serge
70,Qvist Jessen Claus
71,Ghirardato Paolo
73,Johansen Niklas
75,Tanida Kunihiko
77,Silvola Andrea
79,Hornstein Jon Marc
80,Komagata Masayuki
81,Takizawa Nobuyuki
82,Plowman Guy
83,Mine Atsuko
84,Mascort Jean-Manuel
88,Andriani Sandry
89,Puzzo Luigi
90,Quin Sylvain
92,Kozuka Katsuhiko
93,Daix Alain
94,Handel Michael
95,Vecchi Elisabetta
96,Kitajima Hideki
97,Othel du Nord (del)
98,Zhelezov Alex
99,Robin Francois
100,Romano Benedetto
101,Kamemoto Osamu
104,Araki Yasuyuki
105,Kawazoe Nozomu
106,Parsons David
107,Nagao Hiroto
108,Berner Johan
112,Justvik Jonny
114,Rignell Daniel
115,Brutus (geoffroy/p)
117,Ura Satoru
119,Boe Alexander
121,Kitajima Masato
122,Edmead Garry
127,Decoeyere Eric
129,Snow Travis
130,Sakaguchi Kazuhiro
132,Spock (delteil)
133,Goto Hiroshi
134,Haugland Jan Kristi
136,Mine Tatsuya
137,Antonelli Stefano
139,Massire Christian
141,Takeda Kyoko
145,Lamberti Luigi
146,Hansson Ola
147,Cassio (nicolet)
148,Pelissier Laurent
149,Stanzione Pierluigi
150,Ortiz Georges
150,Ortiz George
151,Maccheroni Alessand
152,Tezuka Hirohisa
153,Barrass Iain
159,Menozzi Giuseppe
160,Azuma Hideki
167,Englund Johan
168,Arnold Roy
169,Ishizaki Hikaru
170,Otani Takashi
179,Turner Ian
188,Marson Phil
189,Rockwell David
191,Scheidecker Denis
194,Lanuit Christophe
195,Sperandio Roberto
196,Summers David
197,Ishikawa Akira
198,Noda Bintatsu
200,Hubbard Geoff
205,Dovland Johan
209,Oyanagi Masaki
210,Lonnqvist Tom
213,Privitera Biagio
214,Tucci Alessandro
220,Yoshida Taisaku
221,Shimonosono Kozo
222,Buro Michael
225,Viviani Alberto
227,Fukami Tomohiro
228,Tsuchida Eiji
229,Vehusheia Torstein
230,Ovion Jacques
235,Wiencek Tom
238,Comerci Michele
239,Itagaki Kenichi
244,Hikawa Shoichi
248,Forsyth Iain
251,Naito Yoshihito
252,Uni-Corner (hansso)
255,Omodera Osamu
256,Forest (casile)
258,Sano Hirotaka
262,Kiuchi Hideyuki
268,Haigh David
270,Horiuchi Keiko
276,Sperandio Damiano
282,Prost Serge
283,Wormley Mark
289,Maruoka Hidenori
291,Back Larry
293,Poysti Markku
296,Levanen Harri
296,Haglund Harri
297,Lery Michele
299,Matoba Hisanori
302,Nelis Bernard
303,Busuttil Michel
307,Kanda Yoshihiro
308,Sarkissian Jean-Pau
313,Capuozzo Marcello
314,Stephenson Neil
319,Koshino Kazuhiko
321,Takeda Hajime
322,Sahli David
323,Fanello Roberto
327,Goto Akihiko
329,Scherno Dominique
338,Miyazaki Jun
340,Das Jeremy
350,Lisnovsky Marcelo
354,Yamanaka Mami
358,Itoshima Yasuhiro
368,Mast (kroonenberg)
371,Takahashi Kanji
373,Mas Ludovic
374,Olivares Daniel
375,Hamada Kikue
376,Kawate Masayuki
378,Fasce Paolo
382,Skogen Tor Birger
385,Alami Carlo
387,Abe Hiroyuki
390,Castellano Giorgio
394,Peccerillo Vincenzo
398,Hasegawa Akira
403,Tanaka Michiko
404,Freyss Alain
413,Lonnqvist Christer
415,Stephenson Ken
425,Stevens Patrice
428,Sano/Rose Yoko
428,Sano Yoko
432,Dorsimont Guilain
434,Michaelsen Peter
437,Noumura Hisakazu
442,Coello Alejandro
446,Shibata Kenichiro
449,Prime Tim
451,Turner Alison
452,Roques Pascal
455,Iwasaki Masaaki
457,Whinery Alan
458,McCulloch Sean
464,Coll Pablo
466,Freyss Joel
473,Nale Luis
478,Peres Ennio
495,Eklund Bruno
509,Brienza Mauro
525,Martin Alix
541,Eymard Joel
543,Kyte Bruce
547,Stanton Robert
560,Saio (romano)
561,Tedesco Giuseppe
577,Martinez Oscar
585,Diodati Pier Dario
589,Hellgren Bo
596,Carpenter Adelaide
605,Muntane Genar
612,Signorini Claudio
627,Roberts Bill
637,Kawabata Seiji
644,Umezawa Yoshinori
649,Bianchi Paolo
661,Furusaki Yoko
662,Thomas Gregory
666,Theodorsen Rune
668,Saint Jours Emmanue
676,Colao Luca
681,Tominaga Junichi
688,Douda Tomas
704,Christensen Mikkel
705,Nozaki Junetsu
706,Orbitello Silvia
713,Merickel Jim
721,Tominaga Kenta
730,Le Morvan Herve
732,Cervantes Christoph
736,Buccoliero Gianfran
739,Ramsay Crichton
750,Oda Hiroyuki
751,Scarpa Narciso
758,Ruby Kevin
763,Terada Junya
764,Quazzo Claude
766,van Nuvel Jean-Mich
767,Nishimura Takashi
785,Helgesson Anna
800,Freyss Paul
805,Petersen Dorte
807,Katori Michihiro
836,Suganuma Shingo
842,Ferreira Joseph
843,Heiberg Thomas
872,Bernou Stephan
874,Ornato Mario
892,Nakanishi Toshiaki
907,Katzman Sharon
918,Pedersen Bjarne Dam
928,Millot Jean-Marc
953,Asaga Michiko
970,Venerato Fabrizio
974,Suzuki Yasuhiro
977,Matsuzawa Takashi
998,Roy Alain
1028,Olivares Diego
1030,Yamashita Kazuhide
1033,Sasaki Shinya
1046,Ozaki Mineho
1048,Kinoshita Yumiko
1055,Poliakoff Pierre
1060,Funasaki Hiroshi
1070,Nielsen Hanne Maret
1082,D'Angelo Stefano
1084,Ibata Kensuke
1088,Boz Maria Cristina
1090,Kurachi Takayuki
1094,Haddad Michel
1097,Fujita Takeshi
1110,Di Cola Severino
1122,Nakayama Takahiro
1129,Fujisawa Yosuke
1132,Monnom Olivier
1139,Carpignano Marino
1142,Maartensson Mikael
1146,Fujisawa Shunsuke
1153,Okuda Tsuyoshi
1157,Grison Remi
1161,Goto Masahiro
1162,Miyaoka Tamaki
1171,Kim Kwansoo
1173,Miyazaki Toru
1174,Uno Toshihiro
1179,Herbeuval Olivier
1180,Lecat Renaud
1183,Vecchi Maria Serena
1185,Koiwai Katsuharu
1186,Kawagashira Kunihar
1187,Matsui Takashi
1189,Iacono Stefano
1191,Conte Marco
1193,Avenger (buijs)
1201,Exodus (hansson n)
1202,Haneda Masaki
1204,Juodele Marius
1205,Graulund Lars
1206,Kashiwabara Takuji
1209,Carando Cyril
1212,Corn (hansson o)
1213,Reinbold Christophe
1214,Reinbold Nathalie
1215,Muller Isabelle
1216,Sato Shinji
1220,Kagawa Yoichi
1224,Abe Toshiyuki
1232,Matreyek Ryan
1233,Hubbard Paul
1235,Kuroda Takuji
1240,Tatsumi Jun
1251,Brand Richard
1253,Isayama Jiro
1255,Yamaguchi Toshiya
1258,Otage (alliot)
1259,Sawada Takehiko
1261,Bersaglieri Daniela
1268,Turtle (letouzey)
1269,Seknadje Jose
1270,Booby (okuhara)
1272,Ishida Kazuaki
1274,Rotta Francesco
1277,Shifman Leonid
1278,Shifman Benjamin
1279,Shifman Ilya
1288,Zebra (andersson)
1291,Schreiber Raphael
1292,Sugiyama Mitsuaki
1293,OO7 (buro)
1297,Torri Marie-Christi
1298,Richard Elise
1299,Sasaki Sohei
1301,Scorpion (buro)
1305,Fang Randy
1307,Boardman Lisa
1308,Mann David
1309,Zouloumian Marie
1311,Runoth (takahashi)
1314,Komano Tatsuya
1316,Hara Naoki
1317,Andersson Gunnar
1318,Wu Hujai
1319,Andersson Goran
1324,Takashima Ryoji
1325,Michel Stephane
1326,Lang Frederic
1329,Unitest (hansson)
1336,Mak Wai Tung
1336,Mak Wai Tun
1339,Ferrando Marco
1340,Wong Kevin
1341,Buffalo (andersson)
1343,Andolfi Paolo
1358,Krejcik Roman
1359,Krzywonos Tim
1360,Fu Jacky
1364,Opg (de graaf)
1367,Mamaju (pinta)
1368,Edax (delorme)
1372,Basso Jean-Luc
1375,Auzende Frederic
1378,Morales Rafael
1380,Hayashi Yoshiyuki
1388,Amirante Andrea
1390,Lesmana Hendra
1391,Yiu Edmund
1392,Hidayat Romy
1395,Tsoi Chun Yip
1396,Steentoft Benkt
1398,Houdebine Roland
1400,Ivansson Lars
1402,Williams Eddie
1403,Suzuki Toshiji
1405,Sawada Tomohiro
1407,Grosso Luigi
1414,Horn Per
1415,Aagaard-Hansen Jens
1416,Badsted Palle
1417,Loro Ezio
1421,Kimura Hachiro
1423,Griepenburg Greg
1425,Dumast Pierrick
1431,Voracek Miroslav
1432,Pridmore Ben
1436,de Graaf Jan C.
1437,Nishiba Yasuo
1438,Corio Marc
1447,Orozco Jaime
1448,van de Zande Josber
1449,den Haan Frank
1452,Witting Sipke
1453,Rybarik Jan
1456,Hvezdova Jitka
1459,Voracek Zdenek
1460,Stastna Jan
1462,Rybarik Ivo
1463,Kvapil Martin
1464,Aoki Kazune
1466,Herve Jacqueline
1467,Carlach Jean-Claude
1468,Carlach Marie-Ange
1469,Molia Jean-Jacques
1470,Garneau Julian
1473,Wong Chi Yin
1475,Peillon Maureen
1476,Dumoulin Maureen
1480,Barot Jacques
1481,Ntest (welty)
1486,Hirai Toshimitsu
1487,Matsumoto Hiroyuki
1489,Sugase Takahiro
1490,Sasaki Sadayuki
1492,Masuda Kenji
1494,Rienzo Rosario
1498,Pamphlet (welty)
1512,Delisi Alice
1513,Horner Rusty
1514,Brewer Daniel
1515,Simpson Jerad
1516,de Lit Pierre
1517,Berg Matthias
1518,Kortendijk Albert
1519,Vuorela Sune
1524,Ogiwara Hidenori
1525,Okabayashi Noguchi
1526,Watanabe Keiichi
1528,Tanaka Norihiro
1529,Schack Thomas
1530,Vester Britta
1531,Yamada Yuichi
1532,Yamazaki Yoshihisa
1533,Hirakawa Yuki
1534,Sakae Satoshi
1535,Sato Tomoyuki
1537,Araki Kentaro
1538,Hoshino Yoshihiro
1545,Sanno Daiki
1547,Konii Shuichi
1550,Seeley Ben
1551,Lecomte Sebastien
1552,Hoehne Andreas
1553,Radzivilovsky Pavel
1558,Okamoto Kazuhiro
1559,Toothought (zinno)
1560,Largounez Guillaume
1563,Wunderle Justin
1564,Wong Alexis
1565,Ratonnat Corentin
1566,Nguyen David
1568,Privitera Francesco
1570,Mortola Stefano
1573,Mortola Martino
1576,Welty Chris
1577,Booklet (welty)
1578,Leaflet (welty)
1579,Severino Gianluca
1580,Lucchese Davide
1581,Del Vescovo Valerio
1582,le Comte Michiel
1583,Dufour Mark
1584,Plukker Jean
1585,Kool Jeroen
1587,Claassen Mathijs
1589,le Comte Marijne
1590,van der Laag Sjoerd
1591,Ilbrink Jarl
1595,Constandse Kanter
1596,Steneker Willem
1597,Plukker Marijke
1600,Rolland Clemence
1602,Margarit Eric
1603,Esaki Satoshi
1604,Suzuki Takahiro
1605,Hirano Yusaku
1607,Abe Fumihiro
1611,Ng Ka Fu
1612,Li Chun Wan
1615,Lam Dennis
1618,Leung Kai Wan
1620,Cheung Michael
1624,Poon Chun Hung
1626,Rowe Stephen
1627,Mitchell Louis
1628,Bartlett Darren
1629,Lees Anthony
1630,Despends David
1631,Ronca Antonello
1632,Guaita Gabriele
1633,Jacquet Francois
1634,Barbeau David
1635,Butin Pierre
1636,Vos Daan
1637,Steneker Annemieke
1638,Mulder Theo
1639,Dijcks John
1640,Kwerreveld Maaike
1641,Jacobsen Marlies
1642,van der Meche Narda
1643,Loesberg Marcel
1644,Riollet Bruno
1645,Spijkers Frank
1646,Jacobsen Frank
1647,Pels Peter
1648,Visser Roy
1649,Beeftink Marc
1650,Kanovsky Petr
1651,Kotinova Hana
1659,Pontonnier Jerome
1660,Clermont Sylvain
1661,Hawk (barker)
1662,Spencer Graham
1663,Caesar (tournaviti)
1664,Charly (tournaviti)
1665,Kramm Matthias
1666,Raijkard Thomas
1667,Takei Hiro
1668,Pryor Daniel
1669,McCann John
1670,Diamond Judith
1671,Brewer Adam
1672,Brewer Matt
1674,Kristensen Tanja
1675,Simonsen Kai Ulbaek
1676,Hansen Morten
1677,Nielsen Rene O.
1678,Komatsu Naoto
1679,Sato Yoshiaki
1680,Inoue Tetsuya
1681,Hoshi Hisako
1681,Kinoshita Hisako
1682,Hoshi Ryuichi
1683,Takenobu Kousuke
1684,Tsubamoto Ryuichi
1685,Jibiki Soyo
1686,Kawarada Yuichi
1687,Hisatomi Daisuke
1688,Miyata Shinji
1689,Muraoka Toshio
1690,Okuno Satoshi
1691,Kitagawa Kanya
1692,Shishido Hiroyuki
1693,Kobayashi Manabu
1694,Tobari Masakazu
1695,Shimizu Koichi
1696,Ingelman-Sundberg S
1697,Rosenqvist Anders
1698,Johansson Erik
1699,Andersson Mattias
1700,Gustavsson Robert
1701,Eng Tintin
1702,Dock Lars
1703,Chapot Benjamin
1704,Fisseau Luc
1705,Henry Lorenz
1706,Neron-Bancel Helene
1707,Gelin Gabriel
1708,Hobo Roel
1709,Dauba Cedric
1710,Jongkind Robbert
1711,Delaunay Arnaud
1712,Pons Pascal
1713,Fetet Clement
1714,Tamaie Kotoe
1715,Shub Dennis
1716,Dagnino Roberto
1717,Chow Timothy
1718,Lindstrom Eric
1719,Gong Barry
1720,Gong Jason
1721,Yip Paul
1722,Chen Albert
1723,Lee Patrick
1724,Kompel Alex
1725,Lymn Abraham
1726,Teshin Victor
1727,Chang Stephanie
1728,Vinar Matt
1729,Lyell Alex
1730,Sheean Helen
1731,Cairns Fleur
1732,Girardo Robert
1733,Cairns Phil
1734,Sofia (tournavitis)
1735,Virtual Othello ()
1736,Lidstrom Daniel
1737,Vorst Gerry
1738,Liao Huang Shi
1739,Fox (lidstrom)
1740,Eagle (mathews)
1741,Molia Charles
1742,Diepenmaat Jeroen
1743,Richens Julian
1744,Kume Hiroshi
1745,Dop Nick
1746,Reijnders Ralph
1747,Buczynski Adam
1748,Augustijn Arjan
1749,Blijleven Mireille
1750,Meijer Arnoud
1751,de Vos Bart
1752,Dam Francois
1753,de Graaf Corrie
1754,Schols Roger
1755,in het Zandt Bas
1756,Kortendijk Bauke
1757,Blijleven Michiel
1758,van der Wagt Ben
1759,Tossings Chris
1760,van Tilburg Daan
1761,van Winkel Suzanne
1762,v/d Besselaar Danie
1763,v/d Duin Jan-Ward
1764,Slomp Olaf
1765,Laan Geert
1766,van Winkel Hein
1767,Loesberg Robert
1768,Knebel Helma
1769,Laan Jaap
1770,Kloosterziel Michie
1771,Bourseau Rene
1772,Groenewegen Leo
1773,van Seggelen Trees
1774,Mul Marcel
1775,van Heere Mark
1776,in het Zandt Paul
1777,v/d Besselaar Willi
1778,Langenberg Olaf
1779,Ennis Shelby
1780,Vendel Sifke
1781,Schmidt Marcellus
1782,Btest (wong)
1783,Larsen Caspar Pagh
1784,Poulsen Mikael Neum
1785,Skaarup Joergen
1786,Simonsen Kurt
1787,Hjelm Brian
1788,Forest Julien
1789,Poirier Thibault
1790,Gourrier Cynthia
1791,Chalin Arnaud
1792,Ciriello Ciro
1793,van Egroo Dominique
1794,Igarashi Jun
1795,Yohoho (hughston)
1796,Mouse ()
1797,Dellabianca Giovann
1798,Hamar Itamar
1799,Romagnoli Franco
1800,Canu Massimo
1801,Denis Laurent
1802,Jonasson Jon
1803,Norgren Cecilia
1804,Sintring Oscar
1805,Bruun Geir
1806,Hirvonen Patrik
1807,Makkonen Olli
1808,Pihlajapuro Lari
1809,Skogh Jimmy
1810,Wilhelmsson Niklas
1811,Gardebrink Christia
1812,Holmberg Robert
1813,Magnusson Johan
1814,Nilsson Lars
1815,Pettersson Ola
1816,Mirabella Alessio
1817,Dupont Frederic
1818,de Windt Hensley
1819,van Gool Freek
1820,Lagerburg Roy
1821,Slot Bas
1822,van Straelen Victor
1823,Boer Rene
1824,Jogems Kay
1825,Dronkers Sander
1826,Kwerreveld Nico
1827,Koppinen Jussi
1828,Magnusson Niklas
1829,Gunnarsson Elisabet
1830,Nordsveen Ole Krist
1831,Torgersen Terje
1832,Langfjaeran Line
1833,Hida Takeshi
1834,v/d Biggelaar Nicky
1835,Veltman Anne
1836,Kawakami Naohiro
1837,Stryker John
1838,Stryker Ronora
1839,Reaves Nick
1840,Keliope Rob
1841,Barre Sebastien
1842,Kamphuis Leon
1843,Levy-Abegnoli Thier
1844,van der Graaf Rudi
1845,Zeau Pascal
1846,Rutte Huub
1847,Vieveen Sandra
1848,Benoit Serge
1849,Lanovaz Sylvia
1850,Bertilsson Pelle
1851,Haglund Tova
1852,Jansson Mattias
1853,Kroon Erik
1854,Danell Fredrik
1855,Sosnowski Mateusz
1856,Isaksson Jonas
1857,Bengtsson Ulf
1858,Barling Eva
1859,Lindqvist Patrik
1860,Brandt Asa
1861,Mansson Sandra
1863,Yanada Keisuke
1864,Ogura Katsutoshi
1865,Tsuji Shinji
1866,Yanada Kenji
1867,Takagi Hideo
1868,Nagata Koji
1869,Takahashi Hidekazu
1870,Ichikawa Yukinori
1871,Fukuyama Hiroki
1872,Takada Seiji
1873,Iwasaki Kazuo
1874,Baba Toshihiro
1875,Imaoka Tsukasa
1876,Yokoyama Tomosato
1877,Lim Chin Lee
1878,Bache Julien
1879,Szymanski Remigiusz
1880,Braun Holger
1881,Szyszko Lukasz
1882,Kraczyk Roman
1883,Nyambedha Erick Ot.
1884,Ramos Aleister
1885,Nishimiya Satoru
1886,Tanino Takumi
1887,Vo Hong Duc
1888,Nielsen Kim J.
1889,Lindholt Jonas
1890,van Brunschot Chant
1891,Tomei Robin
1892,Melis Andrea
1893,Arcudi Paolo
1894,Arcudi Andrea
1895,Palladino Domenico
1896,Rokven Daniel
1897,Yamabe Takahiro
1898,Watanabe Hajime
1899,Kinoshita Hiroko
1900,Tokumaru Go
1901,Salmon Charles
1902,Liguori Tommaso
1903,Busetto Claudia
1904,Bernier Frederic
1905,Bouclier Thibault
1906,Staigre Pascal
1907,Benoit Gael
1908,Cecillon Olivier
1909,Pointy Stone (kreu)
1910,Yamamura Yuuki
1911,Tasaka Hidenori
1912,Onuma Naofumi
1913,Jamet Patrick
1914,Lemoine Joane
1915,Saufnay Stephanie
1916,Yamakawa Takashi
1917,Cyrano (causse)
1918,Ohlsson Tomas
1919,Stenberg Veronica
1920,Aspden Andy
1921,Campbell Yvette
1922,Dyer Jeremy
1923,Aspenryd Henry
1924,Hallberg Marcus
1925,Huhtamaki Riku
1926,Praseptyo Linda
1927,Stokke Solrun
1928,Fransson Johnsson J
1929,Turunen Daniel
1930,Schrack Bernard
1931,Mogi Kazuo
1932,Ueda Yoshiyuki
1933,Thompson Greg
1934,Chlipalski Filip
1935,Vaes Dimitri
1936,Chiao Shawn
1937,Jensen Kim Dennis
1938,van der Wagt Jan
1939,Schafschnitz Andrea
1940,Salomons Roy
1941,Janssen Jeroen
1942,v/d Brandhof Marinu
1943,Zillig Remko
1944,Szyszko Krzysztof
1945,Tanski Piotr
1946,Gauthier Bruno
1947,Lecat Monique
1948,Bougeard Emmanuel
1949,Ghazaryan Samvel
1950,Rogosz Magdalena
1951,Sy Steven
1952,Sugiyama Toshio
1953,Maeno Keiichi
1954,Jung Taejoon
1955,Radzivilovsky Lev
1956,Ye Liya
1957,Luo Xialong
1958,Kwon Younghwa
1959,Berg Robert
1960,Jonsson Marie-Louis
1961,Moretti Chiara
1962,Zenato Matteo
1963,Uniti Marco
1964,Rossi Maria Teresa
1965,Trivellato Oliviero
1966,Borassi Michele
1967,Bergossi Vittorio
1968,Gornert Daniel
1969,Gayet Surya
1970,Dousse Stephane
1971,Schotte Tom
1972,Vuye Cedric
1973,Lecat Nicolas
1974,Chitra Yohanes
1975,Wietholter Frederic
1976,Thierry Vincent
1977,Capelle Elodie
1978,Capelle Stephane
1979,Wietholter Benjamin
1980,Nou Leonard
1981,Lambert Olivier
1982,Jourdain Fabienne
1983,Lecureux Jean
1984,Terzi Alfredo
1985,Diodati Michele
1986,Lai Fabrizio
1987,Loffredo Lucia
1988,Strada Fabio
1989,Rampazzo Stefano
1990,Zieba Arkadiusz
1991,Verweij Dennis
1992,Seits Roy
1993,van den Berg Erwin
1994,de Jong Gabriel
1995,van den Hurk Yorick
1996,van Gimst Ruud
1997,Berkhof Frank
1998,de Boer Rosalinde
1999,Aubroeck Patrick
2000,Hoetjes Tim
2001,Verweij Samantha
2002,van Gimst Anja
2003,van den Akker Wilco
2004,Fransen Martin
2005,Janssens Daisy
2006,Boomstra Ronald
2007,Biard Patricia
2008,Dulfer Henk
2011,van der Weyde Esthe
2013,Lash Vi Tommie
2014,Zillig-Straatman El
2015,Verheij Danny
2018,Cruel+ (sasaki)
2019,Pirate (hughston)
2020,Artefact (bougeard)
2021,Sagratella Simone
2022,Di Giambattista Fra
2023,Britton Ron
2024,Jones Cindy
2025,Shih Christopher
2026,Jones Anthony
2027,Hoverstock Krystle
2028,Zaiki Yoshiyuki
2029,Tokuda Naoya
2030,Kashiwagi Atsui
2031,Cantamessa Pierre
2032,Cantamessa Alessand
2033,de Wael Jeroen
2034,Leclerc Sylvie
2035,Choong Darren
2036,Shen Stan
2037,Naylor Daniel
2038,Madrona Mario
2039,Platt Jared
2040,Peczkowski Pawel
2041,Nakahama Kumi
2042,Armatys Frank
2043,Ma Derek
2044,Chow Kase
2045,Olsen Leif B.
2046,Olsen Henrik
2047,Joergensen Jan
2048,Cairns Matt
2049,Halvorsen Luke
2050,Messaoudi Audric
2051,Ortegat Virginie
2052,Sneek Marcel
2054,Fu Velma
2055,Oh Joung-Mok
2055,Oh Joungmok
2056,Saiz Ruben
2057,Serrano Miguel Ange
2058,Ostman Mikael
2059,Bear (charron)
2060,Peperkamp Marcel
2061,Chung Jihoon
2062,Dantas Daniel
2063,Budino Ricardo
2064,Colombo Angelo
2065,Pellegrini Paola
2066,Sattin Francesca
2067,Di Mattei Alessandr
2068,Colombo Pietro
2069,Menin Alex
2070,Babolin Giancarlo
2071,Bandres Jorge
2072,Orta Pedro
2073,Vallejo Javier
2074,Habilis Isabel
2075,Santos Oscar
2076,Lozano Pedro
2077,Domingo Manel
2078,Parramon Joan
2079,Iwata Hiroyuki
2080,Kono Yuko
2081,Tiger (leung)
2082,Ljungqvist Daniel
2083,Sjostrom Hannes
2084,Eriksson Christian
2085,Kjellstadli Jonas
2086,Mikkelsen Dag Marti
2087,Tangen Tore L.
2088,Blackmur Joel
2091,Stoevring Pia
2092,Silvestri Cristina
2093,Di Bernardo Carmelo
2094,Palmieri Luca
2095,Tormene Enrico
2096,Soranzo Gabriele
2097,Acciaro Giuseppe
2099,Pomarolli Luigi
2106,Lefebvre Thierry
2107,Mauborne Landry
2108,Andersson Christoph
2109,Bautista Viktor
2110,Yano Masayuki
2111,Oshimizu Takanori
2112,Balaguer Demian
2113,Cases Salvador
2114,Garcia Fernando
2115,Olive Oriol
2116,Reininghaus Martin
2117,Malachewitz Dirk
2118,Vitouch Anatol
2119,Scholz Jakob
2120,Lagache Vincent
2121,van Vliet Andre
2122,Bos Arjen
2123,Kwok Wing Tang
2124,Budding Theo
2125,Enomoto Yasuhiro
2126,Iida Hiroshi
2127,Ito Yushi
2128,Tanaka Shuntaro
2129,Tatsumi Yukiko
2130,Tachiki Akira
2131,Yamagata Naohiro
2132,Ragnarsson Robin
2133,Ikeda Atsuhiko
2134,van de Moortel Frau
2135,Reunes Nick
2136,Di Paola Andrea
2137,van Gimst Simone
2138,Hermansen Kim
2139,Franzen Johan
2140,Hultman Max
2141,Roerade Jeroen
2142,Sneek Frank
2143,Ekstrand Marie
2144,Jacobsen Morten Joe
2145,Edmonds Cory
2146,Orozco Juan
2147,Bishop Robert
2148,Leino Riku
2149,Abrahamsson Simon
2150,Peiponen Janne
2151,Eriksson Fredrik
2152,Akerlind Josefin
2153,Eilertsen Jonas
2154,Nyberg Emil
2155,Klockars Daniel
2156,Jacobson Titti Anna
2157,Svegne Erik
2158,Wanjura Niklas
2159,Lilla Kamil
2160,Nowak Dominik
2161,Pierz Robert
2162,Kobylinski Grzegorz
2163,Kazimierczuk Marius
2164,Zaniewski Robert
2165,Kluz Przemyslaw
2166,Zieba Grzegorz
2167,Uzieblo Olgierd
2171,Tamaki Suguru
2172,Tsuchida Daisuke
2173,Helmes Sido
2174,de Boer Akke-lien
2175,Low Gene
2176,Ohuchi Yasuhiro
2178,Zieba Katarzyna
2179,Zieba Daniel
2180,Mardberg Lars
2182,Hamelin Paul
2183,Du Plessis Jean-Roc
2184,Wilson Timothy
2185,Ganeshkumar Ganesh
2186,Duffy Norm
2187,Cairns Nathan
2188,Dixon Nicole
2190,Cupial Milosz
2191,Druk Erez
2192,Dyachenko Denis
2193,Flaekoj Rune
2194,Ho Jan
2195,Kimura Keigo
2196,Lee Kwangwook
2198,Paw Kenneth
2199,Polonski Maciek
2200,Dolezal Vladislav
2201,Zimmermann Frank
2204,Frosoni Claudio
2208,Turini Fabiano
2212,Ottesen Andreas
2213,Brudevoll Oyvinn
2215,Engbraten Per-Helge
2216,Salim Sandroz
2217,MacGuire Steve
2218,Turner Kali
2219,Frederix Gijs
2220,Pettersson David
2221,Norlin Lars
2222,Johansson Victor
2224,Wikstrom Camilla
2225,Davidsson Kent
2227,Jorgensen Jan
2228,Yde Danny Fink
2229,Storm Henning
2232,Theodorsen Henning
2233,Aas Sigrun
2234,Greipenberg Greg
2235,Busetto Umberto
2236,Busetto Matteo
2237,Cum Sandro
2238,Camarda Walter
2239,Venuti Antonella
2240,Okamoto Kazuki
2241,Okuda Hiroyuki
2242,Nagasaki Hidekazu
2243,Sawaki Yusuke
2244,Satake Yosuke
2245,Nakano Shunsuke
2246,Takasaki Yutaro
2247,Date Yuji
2248,Izumi Takashi
2249,Ohike Yoshinori
2249,Oike Yoshinori
2250,Sudo Mai
2251,Aoki Miyuki
2252,Yamazaki Noriyuki
2253,Schmidt Olaf
2254,Edo Jose
2255,De Camargo Lucas C.
2255,De Camargo Lucas
2256,Klicek Zoran
2257,Wu Shuk Man Katie
2257,Pihlajapuro Katie
2258,Malnev Andrey
2259,Lorentzen Lasse
2260,Kim Seungsu
2261,Castellier Teddy
2262,Dande Roland
2263,Jonsson Eirikur
2264,Birgirsson Olessia
2265,Venturini Elio
2266,Saranga Roberto
2267,Maspes Claudio
2281,Watson James
2282,Allsop Fran
2283,Robison Aidan
2284,Poirier Antoine
2285,Rantanen Rami
2286,Di Pietro Massimo
2287,Calemme Marco
2288,Pontillo Roberto
2301,Karlsson Simon
2302,Bak Anne-Mette
2304,Pedersen Bo
2305,De Leo Maurizio
2306,Russo Luigi
2307,Rosell Daniel
2308,Zemelka Jan
2309,Semakala Marvin
2310,Berglund Anders
2311,Marquetrie Damien
2312,Limurty Jonson
2313,Guarducci Andrea
2314,Shaw Ronald
2315,Calladine Robert
2316,Leung David
2317,Grossman Antoine
2318,Verfaillie Antoine
2319,Hubert Christophe
2322,Pennel Thomas
2323,Hui Tong
2324,Eyrol Nicolas
2325,Demarest Aurelie
2326,Dos Santos Jennifer
2327,Avy Jean-Pierre
2328,Trebujais Cecile
2329,Avy Bernadette
2330,Frachebois Pierre
2331,Delgado Marie-Louis
2332,Caplet Alain
2333,Rebouillat Baptiste
2334,Cluzon Gilles
2335,Yuan Hong
2336,Grison Marc
2337,Agular Stephane
2338,Pedersen Mads
2339,Olsen Ursula
2340,Fernandez Clemente
2341,Saiz David
2342,Marcilla Luis Migue
2343,Schoretits Markus
2344,Richens Angela
2345,Furet Thomas
2346,Tuddenham David
2347,Bamrungsuk Suppasan
2348,Cai Jian
2349,Chen Kai
2350,Danek Martin
2351,Fu Amy
2352,Certo Stefano
2353,Kraikokit Piamrat
2354,Kraikokit Thammator
2355,Larsson Benny
2356,Berglund Caroline
2356,Odsell Caroline
2357,Schmidt Sebastian
2358,Song Yan
2359,Souda Megumi
2360,Tsuji Toshimi
2361,Wozniak Agata
2362,Zhao Jing
2363,Chew Ching Wuen
2364,Chow Ka Ming
2365,Guo Siang Hong
2366,Kim Yoseob
2367,Kim Yunsim
2368,Lee Choon Foong
2369,Liew Yik Meng
2370,Ooi Stanley
2371,Seo Wooyul
2372,Macor Lorena
2373,Yan Leong Woo
2374,Tamaki Kyotaro
2375,Matsumoto Hiroshi
2376,Mukai Daisuke
2377,Unoura Yusuke
2378,Nariya Makoto
2379,Nakamori Hiroki
2380,Yamazaki Kohei
2381,Urashima Mei
2382,Funatsu Asuka
2383,Higuchi Yuma
2384,Takahashi Yoshiko
2385,Nishimura Hidemi
2386,Saito Aya
2387,Okamoto Harumi
2388,Inoue Yuto
2389,Io Hideo
2390,Ishii Kiyotaka
2391,Toujou Jun
2392,Ooki Chikara
2393,Miyake Yasuo
2394,Furumoto Yuki
2395,Iwamura Hibiki
2396,Akagame Junki
2397,Esaki Yuta
2398,Miyazaki Yuji
2399,Hausler Ondrej
2400,Sagona Eric
2401,Methi Trond
2402,Chong Sky
2402,Chong Wun Leong Sky
2403,Hansen Michael
2404,Hand David
2405,Hughes Scott
2406,Pan Jing
2407,Notomi Nina
2408,Beck David
2409,Karpuz Yildiray
2410,Saxstad Marine
2411,Mendoza Jordi
2412,Mendoza Martin
2413,Doorn Matthias
2414,Weerheijm Harry
2415,Everts Jeroen
2416,May Michael
2417,de Vries Anja
2418,van Galen Paul
2419,van Dam Judith
2420,van Schaik Marye
2421,Lubbers Lammie
2422,Lubbers Melvin
2423,Lubbers Jan
2424,Cozijnsen Bob
2425,Swanink Daniel
2426,Trebini Renato
2427,van Dijk Marieke
2428,van Dijk Dirk
2429,Szalankiewicz Marek
2430,Le Breton Thierry
2431,Aubree Florian
2432,Wessels Arne
2433,Kroese Emiel
2434,Trebini Jolande
2435,van Grinsven Mark
2436,Visser Erik
2437,Verbrugge Marjolijn
2439,van Neerven Meggie
2440,Marciniak Bartosz
2441,Wojda Iwona
2442,Keetman Stef
2443,de Groot Rik
2444,Wets Michel
2445,Hofman Riet
2446,Odegard Martin
2447,Olsen Pal
2447,Olsen Hammervik Pal
2448,Raa Harald
2449,Bakkevold Ulrik
2450,Saenger Christian
2451,Maigne Claudine
2452,Gaudaire Arthur
2453,Renou Elliott
2454,Fronmark Marcus
2455,Alneman Jonas
2456,Olsson Thomas
2457,Ljunggren Mikael
2458,Bjur Magnus
2459,Filtenborg Dorte
2460,Lamadrid Frederico
2461,Eriksson Mats
2462,Ahlqvist Jesper
2463,Karlsson Stefan
2464,Soderberg Jonas
2465,Eriksson Lennart
2466,Jakobsson David
2469,Caviola Leonardo
2470,Bentolila Sarah
2471,Darck Nancy
2472,Leblanc Aurelien
2474,Dusoir Corentin
2475,Soeur Gerald
2476,Tramieux Frederic
2477,Nicolas Caroline
2478,Ramsay Martainn
2479,Turner Tanith
2480,Karlsson Brita
2481,Karlsson Erik
2482,Saiz Clemente
2483,Verweij Luuk
2484,Hahn Bill
2485,Ohno Tomohiro
2486,Reynolds Colin
2487,Elliott Cathy
2488,Plummer Eugene
2489,Pereira Patricia
2490,Hitzerd Sarina
2491,Rubio Celine
2492,van Enschut Marja
2493,Cornelissen Rudy
2494,Krop Mitchel
2495,Eggers Nicky
2496,Eggers Michael
2497,Trebini Romano
2498,Trebini Rowena
2499,van der Vlugt Sande
2500,van Tilburg Sanne
2501,van der Tuijn Ilona
2502,van Gils Wendelien
2503,Hoefnagel Hanneke
2504,Kierat Agata
2505,Silva Paulo
2506,Briante Pires Marco
2509,Iturbide Paula
2512,Storm Line
2513,Albrigtsen Vidar
2514,Hogsved Hans
2515,Dahlin Jonas
2516,Morin Max
2517,Fossum Magnus
2518,Torvinen Elvin
2519,Wahlgren Rasmus
2520,Zhou Jian
2521,Theodosiou Pantelis
2522,Elger Marlis
2523,Schizas Georgios
2524,Zerilova Svetlana
2525,Seo Yoojoon
2526,Yu Yoseob
2527,Hongthong Anon
2528,Gaertner Joerg
2529,Meyer Frederic
2530,Grouazel Willy
2531,Rousset Gabriel
2532,Diananouka Claude
2533,Nardi Luca
2534,Ricottone Alessandr
2535,Barricelli Giovanni
2536,Ward Jason
2537,Wong Hilary
2538,Ramos Yovani
2539,Lucioli Juan Pablo
2540,Folliet Pierre
2541,Picaud Benjamin
2542,Modellatore Tonya
2543,Press Matthias
2544,Helmes Jiska
2545,Weber Gertrud
2546,Baumann Benjamin
2547,Murawski Stefan
2548,Waldemann Steven
2550,Grahl Henrik
2551,Oosterhuis Harmroel
2552,Kjellberg Arvid
2553,Nytorpet Michael
2554,Lonnqvist Viktor
2555,Ekip Mervin
2556,Lonnqvist Fredrik
2557,Cook Paul
2558,Sim Ping Khuan
2559,Somerset Toby
2560,Gudmundsson Thor Or
2561,Aunchulee Rujipas
2561,Aunchulee Piyanat
2562,Tojyo Atsushi
2562,Tojo Atsushi
2563,Panajarn Linsue
2564,Pattarakul Nida
2565,Mitsi Christina
2566,Iijima Takamune
2567,Petric Vlad
2568,Gilmore Steve
2569,Frey Dana
2570,Korgiel Vojciech
2571,Kong Wai-Mond
2572,Kennedy Edmund
2573,Andersson Mathias
2574,Ito Junya
2575,Ohmori Keita
2577,Toda Tomoya
2578,Ozawa Takumi
2579,Saka Hiroshi
2580,Takeishi Takuya
2581,Keisuke Yu
2582,Morinaga Syo
2583,Kuramochi Yuta
2584,Kobayashi Makoto
2584,Kobayashi Nobu
2585,Wakimoto Naoyuki
2586,Hurumoto Yuki
2587,Nakamura Yuya
2588,Watahiki Kenta
2589,Nagano Yasushi
2591,Samchenko Alexandr
2592,Sawala Rita
2593,Shui Yi Bin
2594,Takanashi Yusuke
2595,Okamoto Junya
2596,Okawa Yoh
2597,Tachiki Hide
2598,Asano Yuki
2599,Martin Javier
2600,Jacobs Dan
2601,Woolfson Jon
2602,Hatzi Thomas John
2603,Moyle Justin
2604,Meerbach Frank
2605,Nguyen Hongkong
2606,Wan Elsa
2607,Scognamiglio Paolo
2609,De Cicco Alba
2610,Coll Ramiro
2611,Thamm Alejandro
2612,Pereyra Leonardo
2613,Olivares Mariela
2614,Ferrari Tommaso
2615,Schotte Bram
2616,Mamytchinko Alexei
2617,Declerck Frederik
2618,Van Damme Brecht
2620,Flockman Annie
2621,Schaaf Michael
2622,Rossler Daniel
2624,Kiatnarongrob Dispo
2624,Kiatnarongrop Dispo
2625,Nuprasert Siwasan
2626,Iamchirangkul Sitth
2627,Suppattananigohn Si
2628,Sirirak Damrongchai
2629,Huraphan Wachirapha
2630,Ng Yen Lee
2631,Ratthanadechathorn
2632,Jitworavisut Tanaph
2633,Taypa Jeerawat
2635,Lefebvre Cyril
2636,Humbey Mathilde
2637,Humbey Evelyne
2639,Grijthuizen Philipp
2640,Nuyttens Liesbeth
2641,Martine Jean-Christ
2642,Martine Valentin
2645,Koyahara Naoto
2646,Sato Yuri
2647,Sato Hisakazu
2648,Robinson Steven
2649,Dexter Helen
2650,Ourega Loh Jeannot
2651,Syachin Alexandr
2653,Sokankate Nichkamol
2654,Vyas Mehul
2655,Roy Amar
2656,Choudhary Ashok
2657,Panigrahi Somnath
2658,Meibom Arne
2659,Beyer Guenther
2660,Moreno Borja
2661,Rodriguez Ismael
2662,Thierer Sebastian
2663,Giouzelis Georgios
2664,Mitsis Georgios
2664,Mitsis Giorgos
2665,Nikolaidou Vivia
2666,Ruhmkorff Ben
2667,Burgess Andrew
2668,Kurita Seiya
2669,Nunome Naoya
2670,Hamada Naoki
2671,Nagamatsu Ryota
2672,Hukunaga Kobachi
2673,Yap Stery
2674,Takemura Haruki
2675,Nagashima Kazuto
2676,Akashi Tomone
2677,Rose Erica
2678,Hagikura Yutaka
2679,Suzuki Yuta
2680,Imamura Yuki
2681,Kiuchi Daichi
2682,Saito Riki
2683,Haneda Jun
2684,Nagaya Toshiko
2685,Yanagi Michiko
2686,Bismuth Frederic
2687,Garodia Abhishek
2688,Mitra Subhadip
2689,Shaw Sandip
2690,Halder Goutam
2691,Wongwiwat Anuwat
2692,Rakprakobkit Kittip
2693,Inthigay Somporn
2694,Puthsombut Mananya
2695,Petchmanee Akkhara
2696,Srichamnong Chirawa
2697,Prommart Amornrat
2698,Spencer Stephen
2699,Robinson Paul
2700,James Hayley
2701,Lightman Marie
2703,Ratcliffe Richard
2704,Ramos Uvalle Gaston
2705,Ruiz Pascual
2706,Rosario Fernando
2707,Maza Santiago
2708,Adrouche Sofian
2710,Ilacqua Gianluca
2711,Asou Daisuke
2712,Ozaki Yoshito
2713,Toki Yugo
2714,Shinohara Chiaki
2715,Yoshida Ryota
2716,Tanaka Amane
2717,Toki Hidenobu
2718,Tanaka Atsushi
2719,Koide Satoshi
2720,Kameda Ryota
2721,Hanada Fumihito
2722,Tanizawa Misato
2723,Tsukamoto Kazuma
2724,Matsuzawa Atsushi
2725,Umemura Yuji
2726,Takigawa Mitsuaki
2728,Nobukawa Hiroki
2729,Carrera Galo
2730,Jana Debajit
2731,Isberg Mattias
2732,Bednarikova Judith
2733,van Halderen Peter
2734,Niessen Bart
2735,Farag Irene
2736,Grin Frank
2737,Vanzini Paolo
2738,Chiarulli Giuseppe
2739,Pirovano Domenico
2740,Sabatini Gianluca
2741,Honsell Furio
2742,Nardin Loris
2743,Sterrenburg Raymond
2744,Juigner Arthur
2745,Yussupov Artur
2746,Bruiant Jacky
2748,Gioia Francesco
2749,Angeloni Giancarlo
2750,Wettergren Niklas
2751,Ostlund Viktor
2752,Ekman Kevin
2753,Bohnert Hans
2754,Jahke Eckhard
2755,Hartmann Tobias
2756,Chou Kelvin
2757,Van Damme Jan
2758,Butler Rob
2759,Macaluso Stefano
2760,Halter Anya
2761,Batiova Radka
2762,Volvert Corentin
2763,Volvert Laurent
2764,Volvert Quentin
2765,Vanhoutte Tine
2766,Reunes Sigrid
2767,Van Dijk Bart
2768,Lecat Antoine
2769,Pohjoinen Petri
2770,Hilden Jukka
2771,Sauzez Ophelie
2772,Kwok Wing Kei
2773,Mak Ka Hoe
2774,Robert Tatiana
2775,Ma Wing Yin
2775,Ma Ka Hoe
2779,Danielsen Jostein
2780,Chan Lik Fung
2781,Dong Zhen
2782,Vlasak Janos
2784,Habraken Nico
2785,Groenendijk Baukje
2786,Blum Gerhard
2787,Saifi Irshad
2788,Saifi Imtiyaz
2789,Lella Graziano
2790,Iacaz Sara
2793,Kang Le
2794,Margaliot Michael
2799,Duma Daniela
2801,Averina Elena
2803,Terkelsen Signe
2804,Pal Sounak
2805,Goswami Sujoy
2806,Paul Tuhin
2807,Jangra Virender
2808,Revilla-Adams Pamel
2809,Kleiner Alexis
2810,Marconi Flavio
2811,Lecointre Gabriel
2812,Nishi Hiroshi
2813,Clinton Samuel
2814,Gavaud Daniel
2818,Tormene Paolo
2819,Nart Marco
2821,Mastrangelo Cinzia
2823,Tvedt Sverre
2824,Mackova Veronika
2825,Novakova Jirina
2826,Seldarik Jeffrey
2827,Vlasakova Sona
2828,Vlasakova Milena
2829,Pierz Artur
2830,Bruines Ralph
2831,Bonte Jelle
2832,Tjassens Denis
2834,Piszcz Krzysztof
2835,Rouschop Ilona
2836,Nadzieja Piotr
2837,Wong Donald
2838,Yuen Kwai Chim
2839,Offerzier Beate
2840,Ulbricht Tobias
2841,Winkler Lars
2842,Evers Leo
2843,Neuhaus Sven
2844,Sommer Christian
2845,Hall Steve
2846,Mehic Belma
2847,Badsted Christian
2848,Linde Mathias
2849,Remue Jan
2850,Pellizzari Maximili
2851,Seifert Max
2852,Nakasone David
2853,Marconi Paola
2854,Hishiyama Yuichi
2855,Yashiro Miyabi
2856,Narumi Hisatoshi
2857,Sato Naohiro
2858,Sato Kouichiro
2858,Sato Koichiro
2859,Nakamori Chiaki
2860,Yakamaka Takashi
2861,Tanaka Yasuhiro
2862,Iwakura Hiroaki
2863,Sugiyama Tomoyuki
2864,Ohno Atsuko
2865,Kikuchi Gou
2866,Matsutani Shinpei
2867,Asahina Satoshi
2868,Ozawa Kou
2869,Koh Bo Chao Alex
2870,Leong Chee Kit
2871,Ng Hui Wen Jolin
2872,Heng Li Ying Clara
2873,Sury Bartlomiej
2874,Silva Fabricio
2875,Bulk Sarah
2876,Abrileri Marcelo
2877,Oliveira Henrique
2878,Artoni Bruna
2879,Sayuri Gislene
2880,Yang Kelvin
2881,Wu Jin Feng
2881,Wu Jinfeng
2882,Hwang Yoonjoo
2883,Fakfang Sakda
2884,Parhusip Novriko
2885,Asikin Burhan
2886,Nugraha Willy
2887,William Joanna
2889,Ikeda Yuki
2890,Nakagawa Atsushi
2891,Yababa Hideki
2892,Sato Hiroki
2893,Abe Tatsushi
2894,Tasaka Kanichiro
2896,Koh Bo Xiang
2897,Ng Qi Han
2898,Ying Ke Sing
2899,Chua Zi Wei
2900,Carpigo Stefano
2901,Di Nardo Roberto
2902,Nakaoka Akinori
2903,Kurahashi Satoshi
2904,Aihara Shigeaki
2905,Sakurai Yuka
2906,Ilitch Juliette
2907,Van Daele Kris
2909,Lee Chun Wai
2910,Hu Ying Chong
2910,Hu Yingchong
2911,Li Zhonghong
2912,Wang Weiwei
2913,Fang Yuqi
2914,Wang Bing
2915,Zhao Jingtao
2916,Jia Baolong
2917,Liang Rui
2918,Qin Jingmin
2919,Wong Chi Wah
2920,Lu Huanqi
2921,Gong Jingshi
2922,Yu Jinlei
2923,Luo Jihua
2924,He Siming
2925,Xie Weiwei
2926,McElwee Brian
2927,Slater Joe
2928,Wilcox Pete
2929,Horton John
2930,Curzon Beth
2931,Hahn Amanda
2932,Gregson Edward
2933,Markey Brendan
2934,Geddes Arthur
2935,Su Yu-Ting
2936,Nicholls Vicky
2937,Giouzelis Alexandro
2938,Sagrera Diego
2939,Cohen Mercedes
2940,Czernizer Eduardo
2941,Hamel Christophe
2942,Eklund Oskar
2945,Sollervall Eric
2946,Gehrke Roger
2947,Bach Gunnar
2949,Mouchel Marie-Franc
2950,Schneider Doris
2952,Garber Sean
2953,Entingh Eric
2954,Tastet Remi
2955,Douay Elodie
2956,Sobien Jaroslaw
2957,Dominczak Cezary
2958,Dominik Pawel
2959,Marzec Artur
2960,Bannister Mac
2961,Tan Beng
2962,Clavijo Juan
2963,Tobias Nicholas
2964,Li Simon
2965,Hashimoto Shizuko
2966,Cairns Josh
2967,Campi Alessio
2968,Sani Daniela
2969,Zaccherini Marisa
2970,Hai Jerry
2971,Rose Joseph
2972,Rose Julia
2973,Le Morvan Eric
2974,Denis Aurelien
2975,Geurts Alfons
2976,Ketelaar Arjen
2977,Lofstrom Peter
2978,Mori Takahiro
2979,Asakawa Takuya
2980,Tesaki Satoru
2981,Shinohara Ryo
2982,Sato Yutaka
2983,Takagi Yosuke
2984,Hayasaka Toshie
2985,Kamikura Daisuke
2986,Suko Masayuki
2987,Sugawara Kiyoshi
2988,Shimizu Naoki
2989,Kiyonobu Kenta
2990,Kanou Yuki
2991,Kaneko Takahiro
2992,Mitsuya Nobuaki
2993,Sahinidou Elena
2994,McNeal Davis
2995,Fukunaga Kohachi
2996,Halset Jorgen
2997,Huang Gang
2998,Kobzev Vyacheslav
3000,Bogdanova Elena
3001,Sharma Anirudh
3002,Low Wee Hao Eddie
3003,Anggraeni Dian
3004,Tan Yan Shao
3005,Muhammad Nur Hakim
3006,Al Athas Fahmi
3007,Alba Zonal Ulul
3008,Moh Dik Dik
3009,Kimura Yuto
3010,Kaneko Kodai
3011,Takahashi Ei
3012,Ohtsubo Masayuki
3013,Ohtake Kosuke
3014,Hada Jun
3015,Takahashi Osamu
3016,Kanazawa Kouta
3017,Sato Ryu
3020,Wang Wuquan
3021,Liu Yaqing
3022,Wu Qi
3023,Zhuo Chuan
3024,Li Jin
3025,Wang Zhen
3026,Feng Ling
3027,Yang Ren
3028,Zhu Linyun
3029,Xu Lingzhe
3031,Hong Yulan
3032,Wen Zeshun
3033,Zhao Hongguang
3034,Guan Jinchao
3035,Shi Peipei
3036,Li Yuebo
3037,Chen Jun
3038,Hua Zhibin
3039,Huang Guangyuan
3040,Liao Yinfeng
3041,Hu Zequan
3042,Deng Guodong
3043,Yan Jianfang
3044,Liu Jiaxing
3045,Wang Wei
3047,Tan Kin Piow
3048,Yap Siew Kun
3049,Shinohara Jun
3050,Ramirez Sergio
3051,Belaval Maxime
3052,Lallis Alexandre
3053,Bily Petr
3054,Neuzil Mirek
3055,Racek Matyas
3059,Veith Pavel
3060,Ruzicka Tomas
3062,Chalupczynski Krysz
3064,Feragotto Silvano
3065,Auditaya Dwiki
3066,Taufik Masagus
3067,Jorgensen Andreas
3068,Eriksson Oscar
3069,Grandjean Laurent
3072,Fonseca Neves Natas
3073,Oshima Yusuke
3074,Tsuchiya Shotaro
3075,Tsuchiya Ryosuke
3076,Shirai Ukyo
3077,Takahashi Hisashi
3078,Litsas Andreas
3081,Rennekamp Billy
3082,Yu Dal
3083,Ha Seungsup
3084,Hong Seonguk
3085,Hempijit Woramet
3086,Intaranop Warawut
3087,Tantiprasongchai Si
3088,Lam Maverick
3089,de Blois Rick
3090,Fakira Ishan
3091,Paludan Berit
3092,Chen XiaoWei
3093,Zhu Heng
3094,Milankov Samuel
3095,Harris Sarah
3096,Broom Adrian
3097,Hubbard Christopher
3098,Panasiuk Alexander
3099,Lamazki Andrei
3100,Khlebnikau Uladzimi
3101,Lin Weihao Roy
3101,Lin Wei Hao Roy
3102,Goh Jun Jie Anthony
3103,Beldon Gerry
3104,Mathisen Ingeborg
3106,Dubov Alexey
3107,Dubov Tikhon
3108,Yuki Kousei
3110,Tayama Tsubasa
3111,Akagi Tachiro
3111,Akagi Tatsuro
3112,Juigner Felix
3113,Arena Samuele
3114,Satani Tetsu
3115,Lai Meng Joo
3117,Chen Xu
3118,Ni Jingyu
3119,Guo Yiming
3120,Ji Zihui
3121,Lin Lanbo
3122,Tang Weiwei
3123,Zhang Huishan
3124,Debertolis Giulia
3125,Terribili Cristina
3126,Pantani Antonio
3127,Pantani Ennio
3129,Gigliucci Chiara
3130,Zhuk Katsiaryna
3131,Kobayashi Shouta
3132,Tateno Ryuji
3133,Sha Lei
3134,Liu Peiwen
3135,Plowman Luke
3136,Yap Kok Soon
3137,Piccinni Veronica
3138,Pace Alessandro
3139,Malatesta Sofia
3140,Malatesta Ginevra
3142,Giannini Valentino
3144,Violante Valentina
3147,Prieto Jean-Raphael
3148,Orozco Ana
3149,Kitano Daichi
3152,Miyaoka Yuki
3153,Takahashi Satomi
3154,Grabowska Marzena
3155,Wojcik Rafal
3156,Lozinski Piotr
3158,Yabe Uma
3159,Atamanov Dmitryi
3159,Atamanov Dmitriy
3161,Grishin Dmitriy
3164,Morkotun Alexandr
3165,Perelman Andrey
3167,Sanotskiy Anton
3168,Sennov Yuri
3169,Sokolov Alexandr
3171,Huang Shilin
3172,Chen Xingda
3173,Meng Debiao
3174,Zhou Chuan
3175,Jing Yuanhui
3176,Liu Wensen
3177,Lecat Florian
3178,Vajro Alberto
3179,Foschi Damiano
3180,Wisnewski Jason
3181,Anefelt Mathias
3182,Ronn Tommy
3183,Lind Bjorn
3184,Bjornholm Mikael
3186,Lim Xin Yi
3187,Mollet Thierry
3188,Miller Alexey
3189,Shifman Shani
3190,Shifman Micky
3192,Nakano Jo
3192,Nakano Jyou
3193,Nagao Kazuki
3194,Plowman Mark
3195,Vazquez German
3196,Buka Michal
3197,Tjong Tommy
3198,Hu Bei
3200,Kim Jaehyun
3201,Kim Donggyu
3202,Lee Mikael
3203,Yonnet Ruben
3204,Lin Laurent
3205,Corbineau Georges
3206,Longuet Nicolas
3207,Touchene Fouad
3208,Bertrandias Marc
3209,Cestra Carla
3210,Honsell Antonio
3211,Spacilova Adela
3214,Tran David
3215,Vernerova Andrea
3216,Filipova Veronika
3217,Krenek Lukas
3218,Brand Henry
3219,Brand James
3220,Brand Lucy
3221,Brand Sophie
3222,Plowman Jessie
3224,de Vries Anouk
3225,de Vries Jiske
3226,v/d Heuvel Bowien
3227,Naksuksri Natthanon
3228,Sritaraphan Phariso
3229,Tassananukulkit Tee
3230,Fahleson Rikhard
3230,Fahleson Rikard
3231,Kuperus Jolle
3232,Kuperus Arend
3233,Watanabe Hideki
3234,Chadaigne Romain
3235,Orbeck-Nilssen Kim
3236,Ko Junhyoung
3237,Ushiro Hideaki
3238,Souda Shun
3239,Abe Yura
3240,Imoto Wataru
3241,Yamanaka Yukihiro
3242,Ishii Takehiro
3243,Kozakai Kumiko
3244,Katsura Hisatoshi
3245,Ito Kazuya
3246,Matsudaira Shinpei
3247,Kurihara Aru
3248,Nakazawa Junichi
3249,Kitano Takumi
3250,Hironaka Tomohiko
3251,Urano Kento
3252,Mabuchi Yuta
3253,Narita Shunsuke
3256,Chen Zhengyi
3265,Osato Suguru
3267,Fukuchi Keisuke
3268,Ochiai Naofumi
3269,Takata Senri
3270,Zampa Emilio
3271,Buccione Laura
3274,Leofrigio Marco
3275,Mamouris Georgios
3276,Tastet Sophie
3278,Juigner Francois
3280,Saito Kenta
3281,Shirota Yasuto
3282,Suzuki Kenji
3283,Hasegawa Takeshi
3284,Przywoski Lukasz
3285,Janquart Bert
3286,Bourgoin Leonard
3288,Tana Patcharaporn
3290,Kleven Silje
3291,Hoel Adrian Eckbo
3292,Ross Stephen
3293,Gilliland Richie
3294,Yamazaki Keita
3295,Xu Min
3312,Lang Yongzhi
3319,Dorbeck Anne
3320,de Graaf Wendy
3321,de Graaf Jasmijn
3322,Blankendaal Judith
3324,Waterlander Monique
3325,Limbach Linda
3326,Kuperus Holbe
3327,Cheah Shuang Yong
3328,Tey Xiang Wei
3329,Kim Jungsoo
3330,Khor Kai Chern
3331,Yong Amos
3333,Shin Dukchul
3335,Takasaki Shohei
3336,Enguehard Guillaume
3337,Russkikh Svetlana
3338,Kim Kwanyoon
3339,Matsumoto Makoto
3340,Isobe Masaki
3341,Kobayashi Kano
3343,Yamamoto Takashi
3344,Nara Souma
3345,Nagareda Shougo
3346,Hoegh Daniel
3347,Andreasen Mathias
3348,Bossou Francoise
3349,Lee Chunae
3350,Chung Yi Chang
3351,Wang Enoch
3352,Kasai Masaya
3353,Rigo Flavio
3354,Leenaert Tom
3355,Evers Anouk
3356,Evers Liz
3357,Sneek Linda
3358,Kim Seongchan
3359,Sohr Jaeyoung
3360,Shin Donghyeon
3361,Shin Dongmyung
3363,Saji Kouya
3364,Wada Masaki
3365,Abibulaev Eldar
3366,Khivcova Veronika
3367,Gutorov Ivan
3368,Tsykin Konstantin
3369,Simakov Nikita
3372,Collay Jeanne
3373,Collay Arthur
3374,Nicholls Frederic
3375,Hong Jaeseong
3376,Widman Linnea
3377,Nowicki Jaroslaw
3378,Waliszewski Przemek
3379,Piktus Przemyslaw
3380,Marszalkowska Joann
3381,Labis Albert
3382,Carton Patrick
3383,Timmerman Jean-Loui
3387,Sasaki Kosuke
3388,Takamizawa Daiki
3389,Okada Kazuki
3390,Sugawara Misa
3391,Mitmean Charinee
3392,Jalilifar Morteza
3393,Modolo Ugo
3396,Kryvasheyeu Andrei
3398,Sartori Orietta
3399,Inoue Masami
3400,Ohtsubo Hidetaka
3402,Limbach Esmee
3403,Nam Sungwoo
3404,Yuan Ke
3405,Bryant Alexandra
3406,Kobehi Guy Herve
3407,Togba Vanama
3408,Aarsland Lunde Kris
3410,Nakamura Kazuki
3411,Ishikawa Hirotsugu
3412,Ishida Ren
3413,Onuki Yutaka
3414,Frederiksen Andreas
3415,Verstuyft Jana
3416,Mikitich Alexandr
3417,Gnezdilov Viktor
3418,Maryanin Vadim
3419,Sladek Vitek
3421,Cerny Filip
3422,Zincenko Marina
3423,Zincenko Nikita
3424,Neuzilova Jana
3425,Gurzhiy Fedos
3427,Binovec Vladimir
3428,Papadaki Lydia
3429,Katsionis Christos
3430,Melanouri Irene
3431,Karamanos Nikolaos
3432,Son Beomkeun
3433,Levy Marc
3434,Schotte Sander
3435,Schotte Wout
3436,Ferrer Oscar
3437,Nakamura Rintaro
3438,Takahashi Akihiro
3439,Takahashi Kai
3440,Hong Hyungbum
3441,Moon Sungcheol
3442,Ishikawa Hikaru
3443,Sasaki Yasuyuki
3444,Rakusan Jan
3445,Jukova Magdalena
3446,Vuong Hana
3447,Ovion Alix-Anne
3448,Yu Tao
3449,Dian Da Shan
3450,Nakamura Keiichiro
3451,Kudo Yusei
3452,Neele Milan
3453,van Baten Quinn
3454,Pinto Ricardo Brand
3455,Marden Gabriel
3456,Dairokuno Mitsuru
3457,Santos Martinho
3458,Fritsch Evans
3459,Rangel Jr Alamir
3460,Moraes Halan Davys
3461,Correia Jr. Moises
3462,Shikamura Yuuki
3463,Ogino Takeru
3464,Freiburghaus Kim
3465,Cho Wonyong
3466,Yosifovich Danielle
3467,Presente Nimrod
3468,Babichev Oleksandr
3469,Tokranov Oleksandr
3470,Kobzarev Kirill
3471,Miroshnichenko Olek
3472,Yakubov Mykola
3473,Tkach Oleksandr
3474,Kalinin Dmytro
3475,Wada Chiaki
3476,Yano Yasushi
3477,Tachiyanagi Misaki
3478,Verstuyft Eline
3479,Verstuyft Bart
3480,Hassan Ahmed
3481,Jara Alfredo Peine
3482,Takemoto Jun
3483,Tubero Jesualdo
3484,Tsishchenka Aliakse
3485,Soetens Ruben
3486,Yamazaki Toya
3487,Toyota Hirofumi
3488,Shindo Aoba
3489,Kajiyama Mariko
3490,Bjork Lisbeth
3491,Ker Ming Han
3493,Lu Hsiu Joan
3494,Ourega Gallo Irene
3495,Park Jonghyun
3496,Yablonskaya Alena
3497,Youens Robyn
3498,Ohtsubo Kai
3499,Fujita Takanori
3500,Takiguchi Masaharu
3501,Limbach Jos
3502,Silva Rogerio
3503,Tamaki Tomoyasu
3504,Hurst Christina
3505,Hertog Dailen
3506,Ligtenberg Wouter
3507,Johansen Kim K.
3508,Araujo Eduardo Pio
3509,Araujo Victor Pio
3510,Micheletto Natalia
3511,Ceorlin Gilberto
3512,Paie Correia Rafael
3513,v/d Auwera Bjorn
3514,d'Haeyer Sofie
3515,Zeng Yanbo
3516,Huang Jingxiong
3517,Guo Guangcheng
3518,Munini Paolo
3519,Arcara Paolo
3520,Ortiz Alessandro
3521,Claeys Tony
3522,Formusa Pierandrea
3523,Jordan David
3524,Loesberg Amber
3525,Timmermans Caroline
3526,Kaaij Sterre
3527,Plowman Sophie
3528,Plowman Anya
3529,Guillaume Valentin
3530,Kim Taeyeon
3531,Kim Dongkwon
3532,Handzhan Tatyana
3533,Haus Knut Bjarte
3534,Hooghe Mieke
3535,Jiang Sha
3536,Jena Tuur
3537,Terlecki Lukasz
3538,Szmoniewska Kasia
3540,Szmoniewska Wiktori
3541,Krawiec Ireneusz
3542,Laufer Shachar
3543,Fabian Guy
3544,Luzi Luca
3545,Chyzh Oleksii
3546,Afanasenko Andrii
3547,Czymara Andreas
3548,Abe Tomoko
3550,Joye Frederic
3551,Sobajima Daichi
3552,Amaha Riku
3553,Yamaguchi Tomoki
3554,Tajima Isao
3555,Atobe Shugo
3556,Kuwahara Shuhei
3557,Nanase Yuma
3558,Tanaka Chikako
3559,Sugaya Sophie
3560,Shikano Yoshihiro
3561,Ochiai Kenta
3562,Takakura Shoukichi
3563,Nagatsuka Ibuki
3564,Takita Yohei
3565,Kitanoshi Ryou
3566,Monma Naoto
3567,Go Shinu
3568,Otsuka Takehiro
3569,Matsumoto Shuhei
3570,Ishiguro Hiroki
3571,Bashoumatsu Hideaki
3572,Kawakami Eiichi
3573,Ito Yusaku
3574,Unfried Joseph
3575,Son Jinhyeok
3576,Kim Youngbum
3577,Reyes Alejandro
3578,Cervenka Karel
3579,Yang Zailin
3580,Boulenger Sophie
3581,Schiavinatto Renato
3582,Maia Julia
3583,Oliveira Luciana Ar
3584,Bueno Guilherme
3585,Souza Fabio Augusto
3586,Silva Gabriel dos S
3587,Silva Matheus Lima
3588,De Oliveira Andreia
3589,Dias Vitor de Olive
3590,Januario Marcos
3591,Freitas Alexandre
3592,De Souza Emilly Car
3593,Correia Vitor Paie
3594,Da Silva Vitoria Ma
3595,Miura Wataru
3596,Otani Kyoichiro
3597,Benoit Mathis
3598,Higgins Matthew
3599,Ye Steven
3600,Vinokurov Vladislav
3601,Maksymova Alona
3602,Tan Wai Kuen Johnny
3603,Ichiki Haruki
3604,Jonsson Karl Kristo
3605,Bjerre Soren
3606,Nielsen John
3607,Lofroth Emma
3608,Khuyagbaatar Buyanz
3609,Livanov Roman
3610,Buyck Lien
3611,Sashka Chinzorig
3612,Maksymov Yehor
3613,Dorodnykh Maksim
3614,Halimon Eduard
3615,Silva Joao Victor S
3616,Bjorkander Christia
3617,De Oliveira Edmilso
3618,Higashi Lais Emily
3619,Valim Maicon F
3620,Valim Sergio H
3621,Fernandes Lucas Pim
3622,Costa Mariana Pim
3623,Qiu Yifeng
3624,Lopes Vinicius Silv
3625,Bezerra Silva Eloah
3626,Costa Cadimiel Luca
3627,Ferreira Rodrigo
3628,Formusa Luca
3629,Affatigato Carlo
3630,Stejskalova Hana
3631,Miyamoto Taketora
3632,Horiuchi Souta
3633,Noda Yuna
3634,Tanihara Hinata
3635,Harada Hiraku
3636,Yamamoto Kunihiro
3637,Yamanaka Masayuki
3638,Obara Hiroto
3639,Adachi Shungai
3640,Tsuchigane Link
3641,Watabe Naoto
3642,Kaneko Hikaru
3643,Tsuchigane Taishi
3644,Ikeda Ryosuke
3645,Suzurikawa Toshimas
3646,Tomida Hikari
3647,Nagashima Yoshitaka
3648,Hashimoto Yuya
3649,Hayakawa Mari
3650,Chiba Seima
3651,Sugiyama Keisuke
3652,Onoshima Arata
3653,Hieda Shigemasa
3654,Ishida Arata
3655,Monma Ousuke
3656,Namiki Aoi
3657,Ishihara Ryotaro
3658,Okizaki Hibiki
3659,Ito Kenshun
3660,Iki Tougo
3661,Kitamura Momona
3662,Sano Joichiro
3663,Tokiwa Shuto
3664,Dufour Daniel
3665,Hon Otto
3666,Lee Chun Kui
3667,Kwek Jin Xiang
3668,Chyzh Andrii
3669,Jordanek Jakub
3670,Shevchuk Lada
3671,Bousard Steven
3672,Rubele Renzo
3673,Coelho Milena
3674,Avgoustopoulos Chri
3675,Salgado Silvia
3676,Ahn Taeyoung
3677,Olivaw (norelli)
3678,Paie Correia Renato
3679,Chen Po Yun
3680,Chang Chun Yi
3681,Napolitano Giuseppe
3682,Teixeira Kauana Agu
3683,Zanetti Gabriel
3684,Kitada Paulo Cesar
3685,Rossi Alexandre
3686,Shinada Rio
3687,Kobayashi Ayumu
3688,Deura Taisei
3689,Yatomi Kosuke
3690,Cacciatore Alessand
3698,Kudo Keita
3699,Kotsani Natalia
3700,Plevrakis Yiannis
3701,Nikolaou Georgios
3702,Katsianakos Theo
3703,Robert Dominique
3706,Battulga Namkhai
3707,Batzorig Erdenesuvd
3708,Budiardja Katerin
3709,Chan Ivan
3710,Chiang Jou Chen
3711,Erdenebat Narantuya
3712,Juhnestam Tuva
3713,Kurniawan Samuel He
3714,Manlai Erdenemunkh
3715,Namazu Misa
3716,Namazu Yuki
3717,Nielsen Alberte Jos
3718,Noh Eui Chan
3719,Norimitsu Ayumi
3720,Palmer Bertram
3721,Wang Zi Xiao
3722,Yakushiji Kenta
3723,Bywater Katherine
3724,Pover Ella
3725,Ditmer Jonathan
3726,Gowder Conor
3727,Issa Daniela
3728,Issa Rodrigo Edelto
3729,Goh Li Fan Shawn
3730,Wirawan Daniel
3731,Sia Cheng Yong
3732,Muhammad Abduh
3733,Chu Chee Chin
3734,Tan Meng Lin
3735,Ong Leonardo Ding C
3736,Lim Chan Way
3737,Low Kang Sheng
3738,Lau Derek
3739,Goes Sara
3740,Cid Lucas Machado
3741,Cid Vitor Machado
3742,Scarpati Armando
3743,Hisamatsu Miu
3744,Miura Toshie
3745,Rousselle Yolande
3746,Li Lin
3747,Chen Xun
3748,Jang Hyunwoo
3749,Chougle Abdulrehman
3750,Agarwal Sumit
3751,Gupta Devansh
3752,Devadiga Saket
3753,Kamio Shoei
3754,Okudaira Akihiro
3755,Onishi Masaaki
3756,Akagi Shunsuke
3757,Fan Zheyuan
3758,Matono Takahiro
3759,Cerf Juliette
3763,Abreu Dominic
3766,Barsotti Paolo
3767,Perez Rafael
3768,Garcia Leandro
3769,Bilinkis Mariano
3770,Olivares Abril
3771,Furno Ricardo
3772,Chaufan Leonardo
3773,Rubinstein Solange
3774,Rondina Liliana
3775,Montiel Sebastian
3776,Kim Yoonsoo
3777,Lee Keonwoo
3778,Back Jiwoon
3779,Vu Viet Tuan
3780,Luong Phan Ahn
3781,Ourega Dadie Elisee
3782,Guo Alan
3783,Nery Jr Jose Antoni
3784,Miyamoto Koji
3785,Michaud Ashley
3786,Ourega Ange-Francis
3787,Montero Alexander
3788,Storm Mat
3789,An Tay Yi
3790,Fujita Akie
3791,Arabdijeva Marinell
3792,Salcedo Salas Jairo
3793,Caroll Jason
3794,Otaka Tomoki
3795,Sjoberg Tomas
3796,Ben-Dayan Abraham
3803,Maher Ethan
3804,Ledezma Josh
3814,Lisboa Guilherme
3816,Dejo John
3819,Alves Adegar
3831,Silveira Luiz
3836,Chikeyev Eugene
3837,De Arcas Jocelyn
3838,Kavanagh Fox
3839,Gibbons Gustavo
3840,Gallardo Christophe
3841,Machado Fernando
3842,Bi Wenyuan
3843,Mizutani Hibiki
3844,Nakaoka Satoshi
3845,Hashimoto Mei
3847,Kawamura Kio
3848,Kano Chihiro
3849,Ogura Ryutaro
3850,Du Zhouzi
3851,Lv Chong
3852,Xia Yake
3853,Chiesa Nicolas
3854,Roldan Matias
3855,Dottore Matias
3856,Martinez Norberto
3857,Chandra Debojyoti
3858,Shimomura Shiki
3859,Okudaira Fuyumi
3860,Jose Silva Gabriel
3861,Fuzo Isaac
3862,Nascimento Cunha Da
3863,Caroline Silva Evel
3864,Quezia Costa Ruama
3865,Paie Correia Lucas
3866,Ferreira Santos Edu
3867,Travain Joao Vitor
3868,da Silva Kaua Danta
3869,Caeiro Luis Fernand
3870,Lima Joao Vitor
3871,Rodrigues Poliana Y
3872,Helling Koen
3873,Ho Randall
3874,Tay Yi An
3875,Lin Xin Rui
3876,Nah Yin Suang
3877,Bots Milana
3878,Ni Haifang
3879,Zillig Isabel
3880,de Boer Lawrence
3881,Bronstring Mischa
3882,Sirach Nick
3883,Dufour Noa
3884,Maraldi Simone
3885,Lunari Raimondo
3886,Shamir Barry
3887,Rinaldi Marco
3888,Kujawa Ewa
3889,Dvivon Konstantin
3890,Ngiam Zhen Wei
3891,Gyllensteen Victori
3892,Gyllensteen Isaac
3893,De Moor Nadja
3894,Jensen Elisabeth
3896,Slabov Andrej
3897,Slabov Kirill
3899,Gurieva Lia
3900,Koh Ding Sheng Calv
3901,Lim Gabrielle
3902,Ganzes Ankhbayar
3903,Lkhagvasuren Orgilb
3904,Tuvduu Erdenezaya
3905,Uuganbayar Temuulen
3907,Kuczwara Antonina
3908,Vyas Namrata
3909,Jain Rishaya
3910,Chappell Graham
3911,Chappell Digby
3913,Roy Jessica
3914,Barra Giuseppe
3915,Ruzza Claudio
3916,Kawarabayashi Koji
3917,Masuda Atsuya
3918,Kawazoe Osuke
3919,Shirai Yuga
3920,Tomita You
3921,Hashimoto Yuta
3922,Meuwly Laurent
3923,Ovchinin Denis
3924,Sviridov Vladislav
3925,Khanzhyan Tatiana
3926,Sokolova Maria
3927,Visvanath Ramya
3928,Visvanath Lea
3929,Landini Carlo
3930,Ozgan Rauf
3931,Ceyhun Sedat
3932,Farzanmehr Mehran
3933,Grellier Thierry
3934,Behr Christian
3935,Luzi Ilaria
3936,Cardinali Laura
3937,Baielli Rodolfo
3938,Bandiera Marco
3939,Vinar Bethany
3940,Vinar Liam
3941,Hain Anthony
3942,Goodman Hayden
3943,McInnes Rianah
3944,Christopherson Will
3945,Otaka Junichiro
3946,Otaka Maya
3947,Schneider Walter
3948,Rallison James
3949,Loomis Annie
3950,Kossakovski Dmitri
3951,Lombard Karine
3952,Green Lewis
3953,Budnick Hal
3954,Maher Jason
3955,Moffett Mitch
3956,Bauer Caroline
3958,Gentile Eddie
3960,Otani Kosei
3961,Kosai Satomu
3962,Altansukh Tushigbay
3963,Baigal Batsukh
3964,Banzragch Garmaa
3965,Batsukh Bolortuul
3966,Batsukh Margad
3967,Batsukh Sod-Oyu
3968,Bayasgalan Tuguldur
3969,Erdenebaatar Munkhb
3970,Gantumur Enkh-Amgal
3971,Koh Carnegie
3972,Li Nuoyan
3973,Lv Zimo
3974,Munkh-Erdene Todmun
3975,Saprasert Nalinporn
3976,Sodnomsuren Bayanba
3977,Tergel Anudari
3978,Ulziidelger Delger-
3979,Bartels Felix
3980,Zhang Xiaoguo
3981,Erdenemunkh Misheel
3982,Puzzo Giulio
3983,Foschi Tommaso
3984,Lv Le
3985,Li Chang
3986,Kwak Eunwoo
3988,Chen Xuanrui
3989,Purciariello Agusti
3990,Onda Haru
3991,Shiyal Vijay
3992,Chavda Jaypal
3993,Kanjariya Jeram
3994,Makwana Jitendra
3995,Motivaras Hardik
3996,Parmar Rajendra Sin
3997,Wutong Ren
3998,Christidis Athanasi
4002,Odkhuu Enkh-Erdene
4003,Batsaikhan Khash-Er
4004,Kuczwara Pola
4005,Goh Chong Wei Keith
4006,Ong Jason
4008,Bal Ezgi
4009,Doymaz Melisa
4010,Engin Enis
4011,Kahvecioglu Erkam
4012,Yorganci Mehmet
4013,Feng Long
4014,Akinaga Yuto
4015,Kitajima Ryoya
4016,Yokoyama Ryoma
4017,Saraskina Elena
4018,Pavlishin Alexey
4019,Saakes Tobias
4020,Hammudoglu Deniz
4021,Hammudoglu Joren
4022,Sil Soeterbroek
4023,Seppe Soeterbroek
4024,Vrielink Karel
4025,Spanbroek Meike
4026,Kortendijk Oscar
4027,Slusarenko Nicolas
